帖子,人格特质,媒体来源,类型,
#钻石公主号 23 名下船者未经病毒检测#,尽责性,央视新闻,官方媒体,
#专家称武汉冠状病毒肺炎总体可治#,开放性,新京报,官方媒体,
#钟南山团队从尿液中分离出新冠病毒#,尽责性,环球时报,官方媒体,
#钟南山回应病毒粪口传播风险#,尽责性,央视新闻,官方媒体,
#中国疾控中心开始研发新型冠状病毒疫苗#,尽责性,中国日报,官方媒体,
#预防新型冠状病毒肺炎#,尽责性,央视新闻,官方媒体,
#预防新型冠状病毒#,尽责性,新华社,官方媒体,
#有医务人员被传染新型冠状病毒肺炎#,尽责性,蓝鲸财经记者工作平台,商业媒体,
#英国谣传病毒与 5g 设备有关#,神经质,央视新闻,官方媒体,
#英国首相新冠病毒检测阳性#,神经质,中国日报,官方媒体,
#英国首相新冠病毒检测呈阳性#,神经质,观察者网,官方媒体,
#印度当街烧新冠病毒怪物塑像#,开放性,中新经纬,官方媒体,
#疫战成名锤爆病毒#,开放性,暗夜咚咚,自媒体,
#医护人员离开医院时不会携带病毒#,尽责性,央视新闻,官方媒体,
#新型冠状病毒预防教程#,尽责性,央视新闻,官方媒体,
#新型冠状病毒与 sars 同源性达 85%#,开放性,人民日报,官方媒体,
#新型冠状病毒疫苗研发#,尽责性,中国日报,官方媒体,
#新型冠状病毒潜伏期最短 1 天#,尽责性,央视新闻,官方媒体,
#新型冠状病毒潜伏期也有传染性#,尽责性,央视新闻,官方媒体,
#新型冠状病毒怕酒精不耐高温#,尽责性,共青团中央,官方媒体,
#新型冠状病毒可通过接触传播#,尽责性,人民日报,官方媒体,
#新型冠状病毒感染肺炎 9 个事实#,尽责性,人民日报,官方媒体,
#新型冠状病毒感染的肺炎症状#,尽责性,人民日报,官方媒体,
#新型冠状病毒感染的肺炎#,尽责性,央视频,官方媒体,
#新型冠状病毒肺炎纳入法定传染病#,尽责性,人民日报,官方媒体,
#新型冠状病毒传染性比 sars 弱#,开放性,央视新闻,官方媒体,
#新型冠状病毒倍增时间比 sars 短#,尽责性,央视新闻,官方媒体,
#新型肺炎病毒存在变异可能#,开放性,中国新闻网,官方媒体,
#新冠是人类第一个冠状病毒大流行#,尽责性,人民日报,官方媒体,
#新冠肺炎是人类第一个冠状病毒大流行#,尽责性,人民日报,官方媒体,
#新冠肺炎病毒来自野生动物#,尽责性,返朴,自媒体,
#新冠肺炎病毒几乎人人易感#,尽责性,人民日报,官方媒体,
#新冠病毒疫苗可能在 18 个月内完成#,尽责性,中国日报,官方媒体,
#新冠病毒显微镜彩照#,开放性,耿向顺,自媒体,
#新冠病毒蔓延速度有多快#,开放性,价值投资日志,自媒体,
#鞋子会把病毒带回家吗#,开放性,人民日报,官方媒体,
#香港确诊狗感染病毒#,尽责性,环球时报,官方媒体,
#西班牙约 5400 名医护感染新冠病毒#,神经质,红星新闻,官方媒体,
#西班牙国王王后接受新冠病毒检测#,神经质,科学未来人,自媒体,
#武汉协和医院多名医护人员病毒核酸转阴#,尽责性,人民日报,官方媒体,
#武汉卫健委发布病毒性肺炎高发注意事项#,尽责性,央视新闻,官方媒体,
#武汉华南海鲜市场存在大量新型冠状病毒#,神经质,北京大峰峰,自媒体,
#武汉华南海鲜市场存在大量新冠病毒#,开放性,电商头条,商业媒体,
#武汉冠状病毒肺炎新增死亡 1 例#,尽责性,中国新闻网,官方媒体,
#武汉不明原因肺炎已排除 sars 病原#,尽责性,央视新闻,官方媒体,
#武汉不明原因肺炎不能断定是 sars#,尽责性,凯雷,商业媒体,
#武汉不明原因肺炎病原体为新型冠状病毒#,尽责性,央视新闻,官方媒体,
#武汉病毒性肺炎 5 大谣言#,尽责性,人民日报,官方媒体,
#武汉病毒所目前零感染#,尽责性,新京报,官方媒体,
#武汉病毒所陈全姣声明#,尽责性,中国长安网,官方媒体,
#武汉 15 名医务人员感染新型冠状病毒#,尽责性,央视新闻,官方媒体,
#无证据证明杨柳絮中存新冠病毒#,尽责性,人民日报,官方媒体,
#卫健委新型冠状病毒防控指南#,尽责性,人民日报,官方媒体,
#卫健委提醒病毒性肺炎防控事项#,尽责性,人民日报,官方媒体,
#卫健委发布新型冠状病毒防控指南#,尽责性,央视新闻,官方媒体,
#外交部回应新型冠状病毒感染肺炎疫情#,尽责性,中国日报,官方媒体,
#外交部回应美借新冠病毒污名化中国#,尽责性,人民日报,官方媒体,
#特朗普新冠病毒测试结果呈阴性#,神经质,人民日报,官方媒体,
#特朗普决定不再使用中国病毒说法#,尽责性,中国新闻网,官方媒体,
#特朗普讲话稿将新冠病毒改为中国病毒#,神经质,央视新闻,官方媒体,
#特朗普儿子称新冠病毒 11 月会消失#,神经质,头条新闻,商业媒体,
#特朗普称中国对抗击新冠病毒理解深刻#,开放性,央视新闻,官方媒体,
#特朗普称已接受新冠病毒检测#,神经质,中国新闻网,官方媒体,
#特朗普称新冠病毒风险对美国依旧很低#,神经质,凤凰网视频,商业媒体,
#特朗普称将很快接受新冠病毒检测#,神经质,人民日报,官方媒体,
#谭德塞称新冠病毒将与人类长期共存#,尽责性,中国新闻网,官方媒体,
#泰国新型冠状病毒病例为武汉游客#,外向性,央视新闻,官方媒体,
#泰国发现第二例新型冠状病毒肺炎患者# ,外向性 ,凤凰网 ,商业媒体,
#双黄连可抑制新型冠状病毒#,开放性,澎湃新闻,商业媒体,
#双黄连对新型冠状病毒不具针对性#,开放性,央视新闻,官方媒体,
#首株新型冠状病毒毒种信息公布#,开放性,中国新闻网,官方媒体,
#首株新型冠状病毒毒种信息#,开放性,人民日报,官方媒体,
#首个新冠病毒原子图#,开放性,梨视频,商业媒体,
#首个新冠病毒检测试剂盒通过检验#,开放性,凯雷,商业媒体,
#世卫组织总干事称新冠病毒迄今没有疫苗#,开放性,新周刊,商业媒体,
#世卫组织强调新冠病毒来自大自然#,尽责性,中国日报,官方媒体,
#世卫回应特朗普称新冠病毒为中国病毒#,尽责性,观察者网,官方媒体,
#世界卫生组织命名新冠状病毒#,尽责性,人民日报,官方媒体,
#深圳确诊患者粪便中检出病毒 rna 阳性#,尽责性,人民日报,官方媒体,
#深圳另有 8 例新型冠状病毒肺炎观察病例#,尽责性,21 世纪经济报道,商业媒体,
#上海制抗病毒喷剂已应用#,尽责性,央视网,官方媒体,
#上海市研制出抗病毒喷剂#,开放性,白衣山猫,自媒体,
#上海确诊首例新型冠状病毒感染肺炎#,尽责性,央视新闻,官方媒体,
#山东首个新型冠状病毒检测产品#,尽责性,央视新闻,官方媒体,
#塞尔维亚总统儿子感染新冠病毒#,神经质,人民日报,官方媒体,
#瑞士不再对轻症患者进行新冠病毒检测#,神经质,每日经济新闻,商业媒体,
#日本确认首例新型冠状病毒病例#,开放性,帝吧官微,自媒体,
#饶毅建议武汉病毒所长辞职#,开放性,公路美学,自媒体,
#确诊患者粪便中检出病毒 rna 阳性#,尽责性,人民日报,官方媒体,
#全球首例狗确诊感染病毒#,尽责性,中国新闻网,官方媒体,
#全国确诊 309 例新型冠状病毒肺炎#,尽责性,人民日报,官方媒体,
#全国共确诊新型冠状病毒肺炎 544 例#,尽责性,环球时报,官方媒体,
#纽约市新冠病毒感染确诊人数超过 10 万#,神经质,中国新闻网,官方媒体,
#美市长称去年感染过新冠病毒并检出抗体#,神经质,人民日报,官方媒体,
#美媒称或有 100 万美国人将感染新冠病毒#,神经质,凤凰网视频,商业媒体,
#美国一市长称自己去年 11 月染新冠病毒#,神经质,央视新闻,官方媒体,
#美国新冠病毒确诊超 60 万例#,神经质,人民日报,官方媒体,
#美国新冠病毒感染超 55 万例#,神经质,人民日报,官方媒体,
#美国新冠病毒感染超 38 万#,神经质,人民日报,官方媒体,
#美国新冠病毒感染病例近 14 万#,神经质,中国日报,官方媒体,
#美国新冠病毒感染病例超过 96 万#,神经质,人民日报,官方媒体,
#美国新冠病毒感染病例超过 82 万#,神经质,人民日报,官方媒体,
#美国新冠病毒感染病例超过 45 万#,神经质,人民日报,官方媒体,
#美国新冠病毒感染病例超过 161 万例#,神经质,人民日报,官方媒体,
#美国新冠病毒感染病例超过 10 万#,神经质,人民日报,官方媒体,
#美国的敌人是病毒不是中国#,尽责性,人民日报,官方媒体,
#美国病毒猎手确诊新冠肺炎#,神经质,央视新闻,官方媒体,
#没有发现宠物传染新型冠状病毒#,宜人性,宠物帮萌星球,自媒体,
#漫画科普冠状病毒#,开放性,OPiece 海贼王,自媒体,
#李克强回应新冠病毒源头问题#,尽责性,人民日报,官方媒体,
#库克认为中国开始控制住新冠病毒#,开放性,XJJ - 无争,自媒体,
#空气中一般不会有新冠病毒#,尽责性,央视新闻,官方媒体,
#抗病毒喷剂#,开放性,央视财经,官方媒体,
#康复者血浆能有效杀死新冠病毒#,尽责性,新京报,官方媒体,
#开窗唱歌可能传播病毒#,开放性,新京报我们视频,商业媒体,
#境内确诊 217 例新型冠状病毒肺炎病例#,尽责性,央视新闻,官方媒体,
#进口三文鱼切割案板检测出新冠病毒#,神经质,人民日报,官方媒体,
#捷克总统称病毒起源阴谋论可笑可悲#,尽责性,环球时报,官方媒体,
#江苏确诊首例新型病毒肺炎病例#,尽责性,央视新闻,官方媒体,
#剑桥大学新冠病毒变种报告主要作者#,开放性,中国新闻网,官方媒体,
#坚决反对称新冠病毒是中国病毒#,尽责性,人民日报,官方媒体,
#坚持两周把病毒闷死#,宜人性,人民日报,官方媒体,
#华南海鲜市场存在大量新冠病毒#,开放性,凤凰网视频,商业媒体,
#湖南防控新型冠状病毒肺炎#,开放性,地瓜熊老六,自媒体,
#湖北商务厅副厅长感染新冠病毒#,尽责性,新京报,官方媒体,
#和病毒赛跑的老太太#,开放性,中国日报,官方媒体,
#韩国多名邪教徒确认感染新冠病毒#,尽责性,环球时报,官方媒体,
#国内确诊 324 例新型冠状病毒肺炎病例#,尽责性,央视新闻,官方媒体,
#国内确诊 291 例新型冠状病毒肺炎病例#,尽责性,冀连梅药师,自媒体,
#广东首株新型冠状病毒毒株成功分离#,尽责性,中国日报,官方媒体,
#广东确诊 1 例新型冠状病毒感染肺炎病例#,尽责性,央视新闻,官方媒体,
#冠状病毒在温度较高的夏天比较不活跃#,开放性,俺老叁来也,自媒体,
#冠状病毒对紫外线和热敏感#,开放性,人民日报,官方媒体,
#关于新型冠状病毒的谣言#,尽责性,央视新闻,官方媒体,
#粪便中可能有活病毒存在#,尽责性,人民日报,官方媒体,
#分离到三株新型冠状病毒毒株#,尽责性,央视新闻,官方媒体,
#儿童年轻人对病毒不易感#,开放性,央视新闻,官方媒体,
#俄罗斯总理新冠病毒检测呈阳性#,神经质,中国日报,官方媒体,
#杜兰特新冠病毒检测呈阳性#,神经质,每日经济新闻,商业媒体,
#迪巴拉确诊感染新冠病毒#,神经质,体育世界官方微博,商业媒体,
#不明原因肺炎患者转入传染病医院#,尽责性,中国新闻网,官方媒体,
#病毒样本快递员#,尽责性,参考消息,官方媒体,
#病毒如何传播感染#,开放性,寰亚 SYHP,商业媒体,
#巴西总统反对隔离称面对病毒要像个男人#,神经质,法治日报,官方媒体,
#巴黎非饮用自来水中检测到新冠病毒#,神经质,每日经济新闻,商业媒体,
#阿根廷出现不明原因肺炎已致 2 人死亡#,宜人性,央视新闻,官方媒体,
#42 天用 6 种身份与病毒较量#,尽责性,人民日报,官方媒体,
#30 多种可能对新冠病毒有效药物#,开放性,21 世纪经济报道,商业媒体,
#3 种药物对病毒有较好抑制作用#,开放性,人民日报,官方媒体,
