#不明原因肺炎患者转入传染病医院#,责任心,中国新闻网,官方媒体
#武汉卫健委通报不明原因肺炎#,开放型,上帝之鹰_5zn,自媒体
#武汉不明原因肺炎不能断定是 sars#,尽责性,凯雷,商业媒体
#武汉不明原因肺炎已排除 sars 病原#,责任心,央视新闻,官方媒体
#武汉不明原因肺炎病原体为新型冠状病毒#,责任心,央视新闻,官方媒体
#阿根廷出现不明原因肺炎已致 2 人死亡#,宜人性,央视新闻,官方媒体
#泰国新型冠状病毒病例为武汉游客#,外向性,央视新闻,官方媒体
#武汉冠状病毒肺炎新增死亡 1 例#,责任心,中国新闻网,官方媒体
#泰国发现第二例新型冠状病毒肺炎患者# ,外向性 ,凤凰网 ,商业媒体
#武汉卫健委通报不明原因肺炎#,尽责性,上帝之鹰_5zn,自媒体
#武汉病毒性肺炎 5 大谣言#,责任心,人民日报,官方媒体
#专家称武汉冠状病毒肺炎总体可治#,开放性,新京报,官方媒体
#世卫组织关于新型冠状病毒的建议#,开放性,世界卫生组织,国际机构
#韩国现不明原因肺炎病例#,开放性,央视网快看,官方媒体
#广东确诊 1 例新型冠状病毒感染肺炎病例#,责任心,央视新闻,官方媒体
#卫健委提醒病毒性肺炎防控事项#,责任心,人民日报,官方媒体
#新型冠状病毒感染的肺炎症状#,责任心,人民日报,官方媒体
#深圳另有 8 例新型冠状病毒肺炎观察病例#,责任心,21 世纪经济报道,商业媒体
#武汉卫健委发布病毒性肺炎高发注意事项#,责任心,央视新闻,官方媒体
#北京强化新型冠状病毒肺炎病例排查#,责任心,央视新闻,官方媒体
#预防新型冠状病毒#,责任心,新华社,官方媒体
#一分钟科普冠状病毒#,开放性,梨视频,商业媒体
#外交部回应新型冠状病毒感染肺炎疫情#,责任心,中国日报,官方媒体
#境内确诊 217 例新型冠状病毒肺炎病例#,责任心,央视新闻,官方媒体
#上海确诊首例新型冠状病毒感染肺炎#,责任心,央视新闻,官方媒体
#新型冠状病毒感染肺炎疫情梳理#,开放性,浦东发布,官方媒体
#新型冠状病毒传染性比 sars 弱#,开放性,央视新闻,官方媒体
#钟南山肯定新型冠状病毒肺炎人传人#,责任心,人民日报,官方媒体
#钟南山解读新型冠状病毒肺炎疫情#,责任心,人民日报,官方媒体
#有医务人员被传染新型冠状病毒肺炎#,责任心,蓝鲸财经记者工作平台,商业媒体
#14 名医护人员感染新型冠状病毒肺炎#,责任心,环球时报,官方媒体
#新型冠状病毒肺炎很可能来自野味#,责任心,中国长安网,官方媒体
#武汉 15 名医务人员感染新型冠状病毒#,责任心,央视新闻,官方媒体
#新型冠状病毒肺炎采取甲类传染病防控措施#,责任心,人民日报,官方媒体
#新型冠状病毒肺炎纳入法定传染病#,责任心,人民日报,官方媒体
#春运如何严防新型冠状病毒#,责任心,人民日报,官方媒体
#如何严防新型冠状病毒#,责任心,凤凰卫视,官方媒体
#日本确认首例新型冠状病毒病例#,开放性,帝吧官微,自媒体
#全国确诊 309 例新型冠状病毒肺炎#,责任心,人民日报,官方媒体
#国内确诊 291 例新型冠状病毒肺炎病例#,责任心,冀连梅药师,自媒体
#预防新型冠状病毒肺炎#,责任心,央视新闻,官方媒体
#国内确诊 324 例新型冠状病毒肺炎病例#,责任心,央视新闻,官方媒体
#新型肺炎病毒存在变异可能#,开放性,中国新闻网,官方媒体
#儿童年轻人对病毒不易感#,开放性,央视新闻,官方媒体
#武汉新型冠状病毒肺炎#,开放性,王小东,自媒体
#把病毒累死在了半路#,开放性,王小东,自媒体
#新型冠状病毒来源是野生动物#,责任心,英国报姐,自媒体
#新增新型冠状病毒肺炎病例 77 例#,责任心,乐游枣庄,自媒体
#新型冠状病毒怕酒精不耐高温#,责任心,共青团中央,官方媒体
#全国共确诊新型冠状病毒肺炎 544 例#,责任心,环球时报,官方媒体
#江苏确诊首例新型病毒肺炎病例#,责任心,央视新闻,官方媒体
#新型冠状病毒防护知识#,责任心,央视新闻,官方媒体
#家人对冠状病毒的态度#,开放性,网红物语,自媒体
#关于新型冠状病毒的谣言#,责任心,央视新闻,官方媒体
#新型冠状病毒预防教程#,责任心,央视新闻,官方媒体
#湖北商务厅副厅长感染新冠病毒#,责任心,新京报,官方媒体
#首株新型冠状病毒毒种信息公布#,开放性,中国新闻网,官方媒体
#首株新型冠状病毒毒种信息#,开放性,人民日报,官方媒体
#新冠肺炎病毒来自野生动物#,责任心,返朴,自媒体
#首个新冠病毒检测试剂盒通过检验#,开放性,凯雷,商业媒体
#30 多种可能对新冠病毒有效药物#,开放性,21 世纪经济报道,商业媒体
#中国疾控中心开始研发新型冠状病毒疫苗#,责任心,中国日报,官方媒体
#新型冠状病毒疫苗研发#,责任心,中国日报,官方媒体
#新型冠状病毒潜伏期也有传染性#,责任心,央视新闻,官方媒体
#新型冠状病毒潜伏期最短 1 天#,责任心,央视新闻,官方媒体
#武汉协和医院多名医护人员病毒核酸转阴#,责任心,人民日报,官方媒体
#华南海鲜市场存在大量新冠病毒#,开放性,凤凰网视频,商业媒体
#浙江成功分离到新型冠状病毒毒株#,责任心,许超医生,自媒体
#隔离病毒但不能隔离爱#,宜人性,共青团大连市委,官方媒体
#山东首个新型冠状病毒检测产品#,责任心,央视新闻,官方媒体
#新型冠状病毒肺炎防疫全纪录#,开放性,梨视频,商业媒体
#广东首株新型冠状病毒毒株成功分离#,责任心,中国日报,官方媒体
#开窗唱歌可能传播病毒#,开放性,新京报我们视频,商业媒体
#上海自制抗病毒喷剂#,开放性,医僧君,自媒体
#新型冠状病毒倍增时间比 sars 短#,责任心,央视新闻,官方媒体
#新型冠状病毒与 sars 同源性达 85%#,开放性,人民日报,官方媒体
#新型冠状病毒肺炎第四版诊疗方案#,责任心,央视新闻,官方媒体
#上海制抗病毒喷剂已应用#,责任心,央视网,官方媒体
#武汉华南海鲜市场存在大量新冠病毒#,开放性,电商头条,商业媒体
#新型冠状病毒可通过接触传播#,责任心,人民日报,官方媒体
#新型冠状病毒感染肺炎 9 个事实#,责任心,人民日报,官方媒体
#抗病毒喷剂#,开放性,央视财经,官方媒体
#上海市研制出抗病毒喷剂#,开放性,白衣山猫,自媒体
#分离到三株新型冠状病毒毒株#,责任心,央视新闻,官方媒体
#3 种药物对病毒有较好抑制作用#,开放性,人民日报,官方媒体
#预防病毒思维导图#,开放性,中国森林消防,官方媒体
#病毒在毛质衣物上存活时间更短#,开放性,许超医生,自媒体
#双黄连可抑制新型冠状病毒#,开放性,澎湃新闻,商业媒体
#双黄连对新型冠状病毒不具针对性#,开放性,央视新闻,官方媒体
#深圳确诊患者粪便中检出病毒 rna 阳性#,责任心,人民日报,官方媒体
#粪便中可能有活病毒存在#,责任心,人民日报,官方媒体
#确诊患者粪便中检出病毒 rna 阳性#,责任心,人民日报,官方媒体
#卫健委发布新型冠状病毒防控指南#,责任心,央视新闻,官方媒体
#卫健委新型冠状病毒防控指南#,责任心,人民日报,官方媒体
#钟南山回应病毒粪口传播风险#,责任心,央视新闻,官方媒体
#武汉病毒研究所#,开放性,流浪的心 3203,自媒体
#病毒如何传播感染#,开放性,寰亚 SYHP,商业媒体
#新型冠状病毒在适宜环境可存活 5 天#,责任心,央视新闻,官方媒体
#新冠病毒可存活 5 天#,开放性,澎湃新闻,商业媒体
#武汉新增 17 例新型冠状病毒肺炎病例#,开放性,内蒙古音乐,民间媒体
#新冠病毒可存活 5 天由飞沫等传播#,开放性,每日经济新闻,商业媒体
#李兰娟发布两种药能有效抑制病毒#,开放性,长江日报,官方媒体
#饶毅建议武汉病毒所长辞职#,开放性,公路美学,自媒体
#和病毒赛跑的老太太#,开放性,中国日报,官方媒体
#冠状病毒对紫外线和热敏感#,开放性,人民日报,官方媒体
#新型冠状病毒防控#,责任心,天府发布,官方媒体
#病毒到底有多努力#,开放性,不正经制片人,自媒体
#坚持两周把病毒闷死#,宜人性,人民日报,官方媒体
#钟南山谈抗病毒特效药#,开放性,环球时报,官方媒体
#世卫组织总干事称新冠病毒迄今没有疫苗#,开放性,新周刊,商业媒体
#湖南防控新型冠状病毒肺炎#,开放性,地瓜熊老六,自媒体
#医护人员离开医院时不会携带病毒#,责任心,央视新闻,官方媒体
#新冠病毒不怕炎热湿润天气#,开放性,过期少女郭小九,自媒体
#42 天用 6 种身份与病毒较量#,责任心,人民日报,官方媒体
#空气中一般不会有新冠病毒#,责任心,央视新闻,官方媒体
#医护人员经消毒离院不会携带病毒#,责任心,人民日报,官方媒体
#穿山甲为新型冠状病毒潜在中间宿主#,开放性,毒舌电影,自媒体
#新冠病毒不是 sars#,开放性,每日经济新闻,商业媒体
#病毒的传播方式有哪些#,开放型,脑洞啊脑洞脑洞,自媒体
#世界卫生组织命名新冠状病毒#,责任心,人民日报,官方媒体
#新冠病毒疫苗可能在 18 个月内完成#,责任心,中国日报,官方媒体
#钟南山团队在患者粪便检出新冠活病毒#,责任心,澎湃新闻,官方媒体
#康复者血浆能有效杀死新冠病毒#,责任心,新京报,官方媒体
#重症患者血液粪便中找到病毒#,责任心,榆林交警,官方媒体
#张挪富 有可能出现其他病毒传播途径#,开放型,巍岳钦禹,自媒体
#没有发现宠物传染新型冠状病毒#,随和型,宠物帮萌星球,自媒体
#新冠病毒显微镜彩照#,开放型,耿向顺,自媒体
#武汉病毒所目前零感染#,责任心,新京报,官方媒体
#鞋子会把病毒带回家吗#,开放型,人民日报,官方媒体
#超三千名医护感染新冠病毒#,神经质,蓝鲸财经记者工作平台,商业媒体
#武汉病毒所陈全姣声明#,责任心,中国长安网,官方媒体
#韩国多名邪教徒确认感染新冠病毒#,责任心,环球时报,官方媒体
#钟南山联手哈佛大学攻坚新冠病毒#,责任心,中国长安网,官方媒体
#王辰 新冠病毒有可能长期存在#,神经质,励志,自媒体
#首个新冠病毒原子图#,开放型,梨视频,商业媒体
#病毒会在头发上滞留吗#,开放型,人民日报,官方媒体
#新冠病毒不能通过皮肤侵入人体#,责任心,许超医生,自媒体
#钟南山团队从尿液中分离出新冠病毒#,责任心,环球时报,官方媒体
#新冠病毒 11 月下旬或已人传人#,责任心,三联生活周刊,官方媒体
#钻石公主号 23 名下船者未经病毒检测#,责任心,央视新闻,官方媒体
#漫画科普冠状病毒#,开放型,OPiece 海贼王,自媒体
#新冠病毒研究重大突破#,开放型,娱乐明星频道,自媒体
#新冠病毒不会像流感经常性爆发#,神经质,翟海潮,自媒体
#库克认为中国开始控制住新冠病毒#,开放型,XJJ - 无争,自媒体
#病毒样本快递员#,责任心,参考消息,官方媒体
#特朗普称新冠病毒风险对美国依旧很低#,神经质,凤凰网视频,商业媒体
#伊朗副总统新型冠状病毒检测呈阳性#,责任心,人民日报,官方媒体
#眼泪及结膜分泌物存在新冠病毒#,责任心,新京报我们视频,官方媒体
#美国加州 33 人病毒检测阳性#,神经质,巍岳钦禹,自媒体
#世卫组织 新冠病毒源头尚不确定#,开放型,影视传媒民工,自媒体
#新冠肺炎病毒几乎人人易感#,责任心,人民日报,官方媒体
#韩国研究团队发现新冠病毒抗体#,责任心,新浪新闻,官方媒体
#中国科研团队发现新冠病毒已突变#,责任心,CGTN,官方媒体
#坚决反对称新冠病毒是中国病毒#,责任心,人民日报,官方媒体
#新冠病毒攻击中枢神经系统#,神经质,何春银微想,自媒体
#全球首例狗确诊感染病毒#,责任心,中国新闻网,官方媒体
#香港确诊狗感染病毒#,责任心,环球时报,官方媒体
#瑞士不再对轻症患者进行新冠病毒检测#,神经质,每日经济新闻,商业媒体
#印度当街烧新冠病毒怪物塑像#,开放型,中新经纬,官方媒体
#白宫称特朗普尚未接受新冠病毒检测#,神经质,蓝鲸财经记者工作平台,商业媒体
#西班牙国王王后接受新冠病毒检测#,神经质,科学未来人,自媒体
#米切尔新冠病毒检测呈阳性#,神经质,新浪新闻,官方媒体
#美媒称或有 100 万美国人将感染新冠病毒#,神经质,凤凰网视频,商业媒体
#c 罗将接受新冠病毒检测#,神经质,雪球,自媒体
#特朗普称将很快接受新冠病毒检测#,神经质,人民日报,官方媒体
#特朗普称已接受新冠病毒检测#,神经质,中国新闻网,官方媒体
#特朗普新冠病毒测试结果呈阴性#,神经质,人民日报,官方媒体
#四川防控新型冠状病毒肺炎#,责任心,四川观察,官方媒体
#冠状病毒在温度较高的夏天比较不活跃#,开放型,俺老叁来也,自媒体
#美国首位志愿者接种新冠病毒候选疫苗#,责任心,澎湃新闻,官方媒体
#外交部回应特朗普所谓中国病毒#,责任心,CGTN,官方媒体
#国门为同胞而开而非为病毒#,责任心,巍岳钦禹,自媒体
#杜兰特新冠病毒检测呈阳性#,神经质,每日经济新闻,商业媒体
#新型抗病毒面料服装#,开放型,芒果扒皮哥,自媒体
#美国人免费检测新冠病毒#,神经质,世面,自媒体
#世卫回应特朗普称新冠病毒为中国病毒#,责任心,观察者网,官方媒体
#特朗普讲话稿将新冠病毒改为中国病毒#,神经质,央视新闻,官方媒体
#外交部回应美借新冠病毒污名化中国#,责任心,人民日报,官方媒体
#关注新型冠状病毒肺炎疫情#,责任心,百味视频,官方媒体
#耿爽请称中国制造有病毒的人别戴中国口罩#,责任心,人民日报海外版 - 海外网,官方媒体
#崔天凯回应病毒来自美国军方说法#,责任心,环球时报,官方媒体
#西班牙约 5400 名医护感染新冠病毒#,神经质,红星新闻,官方媒体
#特朗普决定不再使用中国病毒说法#,责任心,中国新闻网,官方媒体
#美国病毒猎手确诊新冠肺炎#,神经质,央视新闻,官方媒体
#查尔斯王子新冠病毒检测呈阳性#,神经质,央视新闻,官方媒体
#特朗普称中国对抗击新冠病毒理解深刻#,开放型,央视新闻,官方媒体
#英国首相新冠病毒检测呈阳性#,神经质,观察者网,官方媒体
#英国首相新冠病毒检测阳性#,神经质,中国日报,官方媒体
#美国新冠病毒感染病例超过 10 万#,神经质,人民日报,官方媒体
#关注新型冠状病毒疫情#,责任心,小央视频,官方媒体
#美国一名婴儿感染新冠病毒后死亡#,神经质,新浪新闻,官方媒体
#美科学家称武汉绝不是新冠病毒源头#,责任心,新浪新闻,官方媒体
#别让歧视恐惧变成第二波病毒#,责任心,央视新闻,官方媒体
#美国新冠病毒感染病例近 14 万#,神经质,中国日报,官方媒体
#巴西总统反对隔离称面对病毒要像个男人#,神经质,法治日报,官方媒体
#新冠是人类第一个冠状病毒大流行#,责任心,人民日报,官方媒体
#新冠肺炎是人类第一个冠状病毒大流行#,责任心,人民日报,官方媒体
#意大利小镇 67% 献血者测出病毒抗体#,开放型,我是人间孤独客_,自媒体
#英国谣传病毒与 5g 设备有关#,神经质,央视新闻,官方媒体
#躲过了新冠没躲过 hp 病毒#,开放型,吐槽夫,自媒体
#无证据证明杨柳絮中存新冠病毒#,责任心,人民日报,官方媒体
#美国新冠病毒感染超 38 万#,神经质,人民日报,官方媒体
#塞尔维亚总统儿子感染新冠病毒#,神经质,人民日报,官方媒体
#美国新冠病毒感染病例超过 45 万#,神经质,人民日报,官方媒体
#美国新冠病毒感染超 55 万例#,神经质,人民日报,官方媒体
#纽约市新冠病毒感染确诊人数超过 10 万#,神经质,中国新闻网,官方媒体
#剑桥大学新冠病毒变种报告主要作者#,开放型,中国新闻网,官方媒体
#美国新冠病毒确诊超 60 万例#,神经质,人民日报,官方媒体
#新冠病毒在干冷湿热天气下均能传播#,开放型,上善若水厚德載醫,自媒体
#新冠病毒蔓延速度有多快#,开放型,价值投资日志,自媒体
#全力抗击新型冠状病毒肺炎#,责任心,荆楚网,官方媒体
#美国新冠病毒确诊接近 66 万例#,神经质,封面新闻,官方媒体
#大使痛批个别人闯关回国致病毒输入#,责任心,咪眼玩游戏,自媒体
#巴黎非饮用自来水中检测到新冠病毒#,神经质,每日经济新闻,商业媒体
#美国的敌人是病毒不是中国#,责任心,人民日报,官方媒体
#捷克总统称病毒起源阴谋论可笑可悲#,责任心,环球时报,官方媒体
#美国新冠病毒感染病例超过 82 万#,神经质,人民日报,官方媒体
#谭德塞称新冠病毒将与人类长期共存#,责任心,中国新闻网,官方媒体
#疫战成名锤爆病毒#,开放型,暗夜咚咚,自媒体
#美国新冠病毒感染病例超过 96 万#,神经质,人民日报,官方媒体
#美国新冠病毒感染病例超过 98 万#,神经质,三联生活周刊,官方媒体
#迪巴拉确诊感染新冠病毒#,神经质,体育世界官方微博,商业媒体
#俄罗斯总理新冠病毒检测呈阳性#,神经质,中国日报,官方媒体
#世卫组织强调新冠病毒来自大自然#,责任心,中国日报,官方媒体
#比尔盖茨称美低收入者得不到病毒检测#,责任心,人民日报,官方媒体
#美市长称去年感染过新冠病毒并检出抗体#,神经质,人民日报,官方媒体
#cnn 称新冠病毒去年底已开始在全球传播#,开放型,北京周报,官方媒体
#美国一市长称自己去年 11 月染新冠病毒#,神经质,央视新闻,官方媒体
#美生物基地曾泄漏致命病毒#,神经质,成都日报,官方媒体
#特朗普儿子称新冠病毒 11 月会消失#,神经质,头条新闻,商业媒体
#聚焦新型冠状病毒肺炎#,责任心,今晚报,官方媒体
#美国新冠病毒感染病例超过 161 万例#,神经质,人民日报,官方媒体
#李克强回应新冠病毒源头问题#,责任心,人民日报,官方媒体
#新型冠状病毒感染的肺炎#,责任心,央视频,官方媒体
#进口三文鱼切割案板检测出新冠病毒#,神经质,人民日报,官方媒体
#武汉华南海鲜市场存在大量新型冠状病毒#,神经质,北京大峰峰,自媒体
#新发地病毒基因测序发现来自欧洲方向#,开放型,巍岳钦禹,自媒体
#德国肉联厂 657 名员工感染新冠病毒#,神经质,人民日报,官方媒体
